{
  "xgboost": {
    "train": {
      "roc_auc": 0.9545227015381338,
      "average_precision": 0.8439793459567583,
      "accuracy": 0.8830633333333333,
      "f1": 0.7669686864795207
    },
    "validation": {
      "roc_auc": 0.9618522852671744,
      "average_precision": 0.9051599008155717,
      "accuracy": 0.913297613248904,
      "f1": 0.8512469178705588
    },
    "test": {
      "roc_auc": 0.9385718322027023,
      "average_precision": 0.8986346830318869,
      "accuracy": 0.9053498140851591,
      "f1": 0.831738683127572
    }
  },
  "lightgbm": {
    "train": {
      "roc_auc": 0.9537176779688925,
      "average_precision": 0.840919916037245,
      "accuracy": 0.8826016666666666,
      "f1": 0.7661566347855243
    },
    "validation": {
      "roc_auc": 0.9609026589990108,
      "average_precision": 0.9029097032793856,
      "accuracy": 0.9122848475787666,
      "f1": 0.8498274353088825
    },
    "test": {
      "roc_auc": 0.9381651111676216,
      "average_precision": 0.8981169502681373,
      "accuracy": 0.9052919417611512,
      "f1": 0.8317684953568859
    }
  }
}